audio_file,num_beeps,beep_times_str
audio_only_ID_1.wav,12,"1.164, 1.619, 2.734, 4.264, 4.852, 5.818, 8.086, 8.868, 11.319, 11.884, 14.553, 17.784"
audio_only_ID_10.wav,20,"0.519, 0.997, 1.552, 2.434, 3.619, 4.652, 5.686, 6.719, 7.752, 8.786, 9.819, 10.850, 11.886, 12.919, 13.952, 14.986, 16.019, 17.052, 18.086, 19.119"
audio_only_ID_11.wav,30,"0.336, 1.002, 1.669, 2.334, 3.002, 3.669, 4.336, 5.000, 5.669, 6.336, 7.002, 7.668, 8.336, 9.002, 9.669, 10.334, 11.002, 11.669, 12.336, 13.002, 13.669, 14.336, 15.002, 15.669, 16.336, 17.002, 17.669, 18.336, 19.002, 19.669"
audio_only_ID_12.wav,13,"0.582, 1.752, 3.236, 4.052, 6.318, 8.552, 9.702, 10.752, 12.918, 15.052, 16.169, 17.152, 19.218"
audio_only_ID_13.wav,23,"0.436, 1.368, 2.169, 3.036, 3.902, 4.769, 5.636, 6.502, 7.369, 8.236, 9.102, 9.969, 10.836, 11.702, 12.569, 13.368, 14.303, 15.169, 16.036, 16.902, 17.769, 18.636, 19.502"
audio_only_ID_14.wav,14,"0.902, 1.734, 2.702, 4.502, 6.302, 8.102, 9.902, 10.734, 11.702, 12.900, 13.502, 15.303, 17.102, 18.902"
audio_only_ID_15.wav,25,"0.402, 1.202, 2.002, 2.802, 3.602, 4.402, 5.202, 6.002, 6.802, 7.602, 8.402, 9.202, 10.002, 10.802, 11.602, 12.402, 13.202, 14.002, 14.803, 15.602, 16.402, 17.202, 18.002, 18.802, 19.602"
audio_only_ID_16.wav,10,"0.777, 2.419, 3.332, 4.600, 7.252, 9.568, 12.000, 14.400, 16.919, 19.100"
audio_only_ID_17.wav,16,"0.719, 2.152, 3.586, 4.400, 5.019, 6.452, 7.886, 9.319, 10.752, 11.552, 12.186, 13.619, 15.053, 16.486, 17.919, 19.352"
audio_only_ID_18.wav,14,"0.417, 1.186, 2.617, 3.552, 5.917, 8.286, 10.068, 10.652, 12.118, 13.019, 14.134, 15.386, 16.118, 17.752"
audio_only_ID_19.wav,21,"0.486, 1.452, 2.419, 3.386, 4.352, 5.319, 6.418, 7.252, 8.219, 9.186, 10.152, 11.119, 12.086, 13.118, 14.019, 14.986, 15.952, 16.919, 17.886, 18.852, 19.819"
audio_only_ID_2.wav,18,"0.281, 0.736, 1.500, 2.202, 3.668, 5.136, 5.800, 6.602, 8.069, 9.536, 11.002, 12.469, 14.000, 15.402, 15.968, 16.869, 18.336, 19.800"
audio_only_ID_20.wav,24,"0.419, 1.252, 1.950, 2.919, 3.752, 4.586, 5.419, 6.252, 7.086, 7.919, 8.752, 9.586, 10.419, 11.252, 12.086, 12.919, 13.868, 14.586, 15.419, 16.150, 17.086, 17.919, 18.752, 19.586"
audio_only_ID_21.wav,16,"0.719, 1.222, 2.152, 2.834, 3.586, 5.019, 6.452, 7.886, 9.319, 10.752, 12.186, 13.619, 15.053, 16.486, 17.919, 19.352"
audio_only_ID_22.wav,22,"0.452, 1.352, 2.252, 3.152, 4.052, 4.952, 5.718, 6.752, 7.653, 8.552, 9.452, 10.352, 11.252, 12.152, 13.053, 13.952, 14.852, 15.752, 16.652, 17.518, 18.452, 19.352"
audio_only_ID_23.wav,16,"0.279, 1.786, 2.367, 3.418, 5.468, 7.484, 8.919, 9.468, 11.418, 12.486, 13.334, 15.234, 16.052, 17.068, 18.868, 19.619"
audio_only_ID_24.wav,11,"1.219, 3.652, 5.314, 6.086, 7.168, 8.519, 10.850, 13.386, 14.500, 15.819, 18.117"
audio_only_ID_25.wav,13,"0.051, 1.218, 2.224, 3.252, 5.252, 7.218, 9.152, 9.669, 11.052, 12.918, 14.752, 16.552, 18.318"
audio_only_ID_26.wav,12,"0.967, 1.936, 3.767, 5.168, 5.802, 7.918, 9.669, 10.634, 13.536, 15.968, 17.402, 18.584"
audio_only_ID_27.wav,16,"0.051, 0.869, 2.602, 3.218, 4.336, 5.218, 6.069, 7.184, 7.802, 9.536, 11.269, 13.002, 14.734, 16.469, 18.202, 19.936"
audio_only_ID_28.wav,14,"0.382, 1.484, 2.562, 3.634, 4.836, 5.750, 7.834, 9.868, 11.868, 13.836, 14.502, 15.768, 17.668, 19.534"
audio_only_ID_29.wav,21,"0.051, 0.652, 1.236, 1.952, 3.252, 4.552, 5.268, 5.852, 7.152, 8.452, 9.168, 9.752, 11.052, 12.352, 12.936, 13.652, 14.952, 16.252, 17.552, 18.336, 18.852"
audio_only_ID_3.wav,13,"0.697, 1.269, 1.934, 3.149, 3.786, 4.368, 6.302, 8.819, 11.468, 13.768, 16.369, 18.268, 18.886"
audio_only_ID_30.wav,18,"0.586, 1.752, 2.919, 4.086, 5.252, 6.419, 7.586, 8.234, 8.752, 9.919, 11.086, 12.252, 13.419, 14.584, 15.752, 16.919, 18.086, 19.252"
audio_only_ID_31.wav,12,"1.386, 3.084, 4.152, 4.767, 6.919, 9.818, 12.452, 13.134, 15.219, 16.418, 17.986, 19.668"
audio_only_ID_32.wav,26,"0.386, 1.152, 1.919, 2.686, 3.453, 4.219, 4.986, 5.752, 6.519, 7.286, 8.052, 8.819, 9.586, 10.352, 11.119, 11.784, 12.652, 13.419, 14.186, 14.952, 15.719, 16.486, 17.252, 18.019, 18.786, 19.552"
audio_only_ID_33.wav,12,"1.086, 1.757, 3.252, 3.817, 5.419, 7.586, 9.752, 11.900, 14.086, 16.252, 18.419, 19.834"
audio_only_ID_34.wav,17,"0.051, 1.302, 2.114, 3.134, 3.902, 5.118, 6.502, 7.068, 9.102, 10.884, 11.702, 12.718, 14.303, 16.286, 16.902, 18.018, 19.502"
audio_only_ID_35.wav,13,"1.002, 2.218, 3.019, 3.534, 4.868, 7.052, 9.069, 10.068, 11.086, 13.102, 15.134, 17.136, 19.152"
audio_only_ID_36.wav,33,"0.302, 0.902, 1.502, 2.102, 2.702, 3.302, 3.902, 4.502, 5.102, 5.702, 6.302, 6.903, 7.502, 8.100, 8.702, 9.302, 9.902, 10.502, 11.102, 11.702, 12.300, 12.902, 13.502, 14.102, 14.702, 15.303, 15.902, 16.502, 17.102, 17.702, 18.300, 18.902, 19.502"
audio_only_ID_37.wav,13,"0.344, 1.418, 2.519, 3.534, 5.618, 7.668, 9.684, 11.668, 12.586, 13.618, 15.534, 17.619, 19.268"
audio_only_ID_38.wav,16,"0.852, 2.518, 4.252, 5.418, 5.952, 7.653, 8.284, 9.352, 11.118, 12.752, 13.918, 14.452, 16.153, 16.684, 17.852, 19.418"
audio_only_ID_39.wav,18,"0.602, 1.802, 3.002, 4.202, 4.818, 5.402, 6.602, 7.802, 9.002, 10.202, 11.402, 12.518, 13.803, 15.000, 16.202, 17.402, 18.602, 19.934"
audio_only_ID_4.wav,12,"0.051, 1.202, 2.217, 3.234, 5.002, 7.202, 9.134, 11.034, 12.902, 15.019, 16.534, 18.302"
audio_only_ID_40.wav,16,"0.051, 1.452, 2.249, 3.268, 4.352, 5.268, 7.252, 9.168, 10.152, 11.068, 13.053, 14.768, 15.952, 16.568, 18.336, 18.852"
audio_only_ID_41.wav,20,"0.051, 0.536, 1.602, 2.669, 3.736, 4.802, 5.869, 6.936, 8.002, 9.069, 10.136, 11.202, 12.269, 13.336, 14.402, 15.469, 16.536, 17.602, 18.668, 19.736"
audio_only_ID_42.wav,20,"0.569, 1.702, 2.836, 3.468, 3.969, 5.102, 6.236, 7.369, 8.502, 9.636, 10.769, 11.902, 13.036, 14.169, 15.303, 16.436, 17.569, 18.200, 18.702, 19.836"
audio_only_ID_43.wav,27,"0.369, 1.102, 1.836, 2.569, 3.302, 4.036, 4.769, 5.502, 6.236, 6.969, 7.702, 8.436, 9.169, 9.902, 10.636, 11.369, 12.102, 12.836, 13.569, 14.303, 15.036, 15.769, 16.502, 17.118, 17.969, 18.702, 19.500"
audio_only_ID_44.wav,14,"0.051, 1.118, 2.117, 2.902, 4.132, 5.118, 7.068, 8.702, 10.868, 12.718, 14.502, 16.318, 18.068, 19.784"
audio_only_ID_45.wav,30,"0.336, 1.002, 1.669, 2.336, 3.002, 3.684, 4.336, 5.002, 5.669, 6.336, 7.002, 7.669, 8.336, 9.002, 9.669, 10.336, 11.002, 11.669, 12.336, 13.002, 13.669, 14.336, 15.002, 15.669, 16.336, 17.002, 17.669, 18.336, 19.002, 19.669"
audio_only_ID_5.wav,13,"0.517, 1.668, 2.799, 3.918, 5.019, 6.134, 8.367, 10.468, 11.719, 12.584, 15.069, 16.718, 18.419"
audio_only_ID_6.wav,15,"0.044, 1.068, 2.067, 2.602, 4.037, 5.034, 6.968, 7.802, 8.868, 10.736, 13.002, 14.368, 16.134, 18.202, 19.568"
audio_only_ID_7.wav,13,"0.051, 1.168, 2.179, 3.552, 5.168, 7.118, 9.034, 10.652, 12.768, 14.586, 16.368, 17.752, 19.834"
audio_only_ID_8.wav,18,"0.636, 1.397, 1.902, 3.150, 4.436, 5.702, 6.969, 8.236, 9.502, 10.017, 10.769, 12.036, 13.302, 14.569, 15.836, 17.102, 18.369, 19.636"
audio_only_ID_9.wav,21,"0.297, 0.969, 2.414, 2.902, 3.468, 4.836, 5.534, 6.769, 7.568, 8.702, 9.584, 10.636, 11.534, 12.569, 13.452, 14.502, 15.334, 16.436, 17.186, 18.369, 19.000"
